{
    "name": "blockscroll",
    "title": "BlockScroll for presentations",
    "description": "It takes each element and turns it into a full-page element stacked on top of each other. The user can then go through one at a time using the keyboard or scroll, or go to a specific one. Transitions between elements have animated scroll so it looks very smooth and modern. See the demo!",
    "keywords": [
        "scroll",
        "presentation",
        "fullscreen",
        "powerpoint",
        "slides",
        "smooth",
        "full-page"
    ],
    "version": "1.0.3",
    "author": {
        "name": "Dominik Gorecki",
        "email": "d@dominikgorecki.com",
        "url": "http://www.dominikgorecki.com"
    },
    "maintainers": [
        {
          "name": "Dominik Gorecki",
          "email": "d@dominikgorecki.com",
          "url": "http://www.dominikgorecki.com"
        }
    ],
    "licenses": [
        {
            "type": "MIT",
            "url": "http://opensource.org/licenses/MIT"
        }
    ],
    "homepage": "http://www.dominikgorecki.com/download/block-scroll/",
    "docs": "http://www.dominikgorecki.com/download/block-scroll/",
    "dependencies": {
        "jquery": ">=1.5"
    }
}
